{"cameraMode":{"drawMode":0,"name":"Shaded","section":"Shading Mode"},"sceneLighting":true,"audioPlay":false,"sceneViewState":{"m_AlwaysRefresh":false,"showFog":true,"showSkybox":true,"showFlares":true,"showImageEffects":true,"showParticleSystems":true,"showVisualEffectGraphs":true,"m_FxEnabled":true},"in2DMode":false,"pivot":{"x":6.609893798828125,"y":1.7695893049240113,"z":-2.019751787185669},"rotation":{"x":0.011434054002165795,"y":-0.9571133255958557,"z":0.038136038929224017,"w":0.28696680068969729},"size":11.892822265625,"orthographic":false}